country_code,year,ggi_index,ggi_rank,country_name,gini_index
AGO,2006,0.6038,96,NA,NA
AGO,2007,0.6034,110,NA,NA
AGO,2008,0.6032,114,NA,NA
AGO,2009,0.6353,106,NA,NA
AGO,2010,0.6712,81,NA,NA
AGO,2011,0.6624,87,NA,NA
AGO,2013,0.6659,92,NA,NA
AGO,2014,0.6311,121,NA,NA
AGO,2015,0.637,126,NA,NA
AGO,2016,0.643,117,NA,NA
AGO,2018,0.633,125,Angola,51.3
ALB,2006,0.6607,61,NA,NA
ALB,2007,0.6685,66,NA,NA
ALB,2008,0.6591,87,NA,NA
ALB,2009,0.6601,91,NA,NA
ALB,2010,0.6726,78,NA,NA
ALB,2011,0.6748,78,NA,NA
ALB,2012,0.6655,91,Albania,29
ALB,2013,0.6412,108,NA,NA
ALB,2014,0.6869,83,Albania,34.6
ALB,2015,0.701,70,Albania,32.9
ALB,2016,0.704,62,Albania,33.7
ALB,2018,0.734,34,NA,NA
ARE,2006,0.5919,101,NA,NA
ARE,2007,0.6184,105,NA,NA
ARE,2008,0.622,105,NA,NA
ARE,2009,0.6198,112,NA,NA
ARE,2010,0.6397,103,NA,NA
ARE,2011,0.6454,103,NA,NA
ARE,2012,0.6392,107,NA,NA
ARE,2013,0.6372,109,NA,NA
ARE,2014,0.6436,115,United Arab Emirates,32.5
ARE,2015,0.646,119,NA,NA
ARE,2016,0.639,124,NA,NA
ARE,2018,0.642,121,NA,NA
ARG,2006,0.6829,41,NA,NA
ARG,2007,0.6982,33,NA,NA
ARG,2008,0.7209,24,NA,NA
ARG,2009,0.7211,24,NA,NA
ARG,2010,0.7187,29,Argentina,44.5
ARG,2011,0.7236,28,Argentina,42.7
ARG,2012,0.7212,32,Argentina,41.4
ARG,2013,0.7195,34,Argentina,41
ARG,2014,0.7317,31,Argentina,41.7
ARG,2015,0.734,35,NA,NA
ARG,2016,0.735,33,Argentina,42
ARG,2018,0.733,36,Argentina,41.4
ARM,2007,0.6651,71,NA,NA
ARM,2008,0.6677,78,NA,NA
ARM,2009,0.6619,90,NA,NA
ARM,2010,0.6669,84,Armenia,30
ARM,2011,0.6654,84,Armenia,29.4
ARM,2012,0.6636,92,Armenia,29.6
ARM,2013,0.6634,94,Armenia,30.6
ARM,2014,0.6622,103,Armenia,31.5
ARM,2015,0.668,105,Armenia,32.4
ARM,2016,0.669,102,Armenia,32.5
ARM,2018,0.678,98,Armenia,34.4
AUS,2006,0.7163,15,NA,NA
AUS,2007,0.7204,17,NA,NA
AUS,2008,0.7241,21,NA,NA
AUS,2009,0.7282,20,NA,NA
AUS,2010,0.7271,23,Australia,34.7
AUS,2011,0.7291,23,NA,NA
AUS,2012,0.7294,25,NA,NA
AUS,2013,0.739,24,NA,NA
AUS,2014,0.7409,24,Australia,34.4
AUS,2015,0.733,36,NA,NA
AUS,2016,0.721,46,NA,NA
AUS,2018,0.73,39,NA,NA
AUT,2006,0.6986,27,NA,NA
AUT,2007,0.706,27,NA,NA
AUT,2008,0.7153,29,NA,NA
AUT,2009,0.7031,42,NA,NA
AUT,2010,0.7091,37,Austria,30.3
AUT,2011,0.7165,34,Austria,30.8
AUT,2012,0.7391,20,Austria,30.5
AUT,2013,0.7437,19,Austria,30.8
AUT,2014,0.7266,36,Austria,30.5
AUT,2015,0.733,37,Austria,30.5
AUT,2016,0.716,52,Austria,30.8
AUT,2018,0.718,53,NA,NA
AZE,2007,0.6781,59,NA,NA
AZE,2008,0.6856,61,NA,NA
AZE,2009,0.6626,89,NA,NA
AZE,2010,0.6446,100,NA,NA
AZE,2011,0.6577,91,NA,NA
AZE,2012,0.6546,99,NA,NA
AZE,2013,0.6582,99,NA,NA
AZE,2014,0.6753,94,NA,NA
AZE,2015,0.675,96,NA,NA
AZE,2016,0.684,86,NA,NA
AZE,2018,0.68,97,NA,NA
BDI,2011,0.727,24,NA,NA
BDI,2012,0.7338,24,NA,NA
BDI,2013,0.7397,22,Burundi,38.6
BDI,2014,0.7565,17,NA,NA
BDI,2015,0.748,23,NA,NA
BDI,2016,0.768,12,NA,NA
BDI,2018,0.741,31,NA,NA
BEL,2006,0.7078,20,NA,NA
BEL,2007,0.7198,19,NA,NA
BEL,2008,0.7163,28,NA,NA
BEL,2009,0.7165,33,NA,NA
BEL,2010,0.7509,14,Belgium,28.4
BEL,2011,0.7531,13,Belgium,28.1
BEL,2012,0.7652,12,Belgium,27.5
BEL,2013,0.7684,11,Belgium,27.7
BEL,2014,0.7809,10,Belgium,28.1
BEL,2015,0.753,19,Belgium,27.7
BEL,2016,0.745,24,Belgium,27.6
BEL,2018,0.738,32,NA,NA
BEN,2006,0.5778,110,NA,NA
BEN,2007,0.5656,123,NA,NA
BEN,2008,0.5582,126,NA,NA
BEN,2009,0.5643,131,NA,NA
BEN,2010,0.5719,128,NA,NA
BEN,2011,0.5832,128,Benin,43.4
BEN,2012,0.6258,117,NA,NA
BEN,2013,0.5885,126,NA,NA
BEN,2015,0.625,129,Benin,47.8
BEN,2016,0.636,127,NA,NA
BEN,2018,0.654,118,NA,NA
BFA,2006,0.5853,104,NA,NA
BFA,2007,0.5912,117,NA,NA
BFA,2008,0.6029,115,NA,NA
BFA,2009,0.6081,120,NA,NA
BFA,2010,0.6162,111,NA,NA
BFA,2011,0.6153,115,NA,NA
BFA,2012,0.6455,104,NA,NA
BFA,2013,0.6513,103,NA,NA
BFA,2014,0.65,110,Burkina Faso,35.3
BFA,2015,0.651,114,NA,NA
BFA,2016,0.64,123,NA,NA
BFA,2018,0.629,129,NA,NA
BGD,2006,0.6269,91,NA,NA
BGD,2007,0.6314,100,NA,NA
BGD,2008,0.6531,90,NA,NA
BGD,2009,0.6526,93,NA,NA
BGD,2010,0.6702,82,Bangladesh,32.1
BGD,2011,0.6812,69,NA,NA
BGD,2012,0.6684,86,NA,NA
BGD,2013,0.6848,75,NA,NA
BGD,2014,0.6973,68,NA,NA
BGD,2015,0.704,64,NA,NA
BGD,2016,0.698,72,Bangladesh,32.4
BGD,2018,0.721,48,NA,NA
BGR,2006,0.687,37,NA,NA
BGR,2007,0.7085,25,NA,NA
BGR,2008,0.7077,36,NA,NA
BGR,2009,0.7072,38,NA,NA
BGR,2010,0.6983,50,Bulgaria,35.7
BGR,2011,0.6987,51,Bulgaria,34.3
BGR,2012,0.7021,52,Bulgaria,36
BGR,2013,0.7097,43,Bulgaria,36.6
BGR,2014,0.7444,22,Bulgaria,37.4
BGR,2015,0.722,43,Bulgaria,38.6
BGR,2016,0.726,41,Bulgaria,40.6
BGR,2018,0.756,18,NA,NA
BHR,2006,0.5894,102,NA,NA
BHR,2007,0.5931,115,NA,NA
BHR,2008,0.5927,121,NA,NA
BHR,2009,0.6136,116,NA,NA
BHR,2010,0.6217,110,NA,NA
BHR,2011,0.6232,110,NA,NA
BHR,2012,0.6298,111,NA,NA
BHR,2013,0.6334,112,NA,NA
BHR,2014,0.6261,124,NA,NA
BHR,2015,0.644,123,NA,NA
BHR,2016,0.615,131,NA,NA
BHR,2018,0.627,132,NA,NA
BIH,2016,0.685,83,NA,NA
BIH,2018,0.712,62,NA,NA
BLR,2007,0.7113,23,NA,NA
BLR,2008,0.7099,33,NA,NA
BLR,2009,0.7141,34,NA,NA
BLR,2014,0.73,32,Belarus,27.2
BLR,2015,0.734,34,Belarus,25.6
BLR,2016,0.737,30,Belarus,25.3
BLR,2018,0.747,28,Belarus,25.2
BLZ,2007,0.6426,94,NA,NA
BLZ,2008,0.661,86,NA,NA
BLZ,2009,0.6636,87,NA,NA
BLZ,2010,0.6536,93,NA,NA
BLZ,2011,0.6489,100,NA,NA
BLZ,2012,0.6465,102,NA,NA
BLZ,2013,0.6449,107,NA,NA
BLZ,2014,0.6701,100,NA,NA
BLZ,2015,0.668,103,NA,NA
BLZ,2016,0.676,98,NA,NA
BLZ,2018,0.662,111,NA,NA
BOL,2006,0.6335,87,NA,NA
BOL,2007,0.6574,80,NA,NA
BOL,2008,0.6667,80,NA,NA
BOL,2009,0.6693,82,NA,NA
BOL,2010,0.6751,76,NA,NA
BOL,2011,0.6862,62,Bolivia,46.1
BOL,2012,0.7222,30,Bolivia,46.6
BOL,2013,0.734,27,Bolivia,47.6
BOL,2014,0.7049,58,Bolivia,47.8
BOL,2015,0.749,22,Bolivia,46.7
BOL,2016,0.746,23,Bolivia,44.6
BOL,2018,0.748,25,Bolivia,42.2
BRA,2006,0.6543,67,NA,NA
BRA,2007,0.6637,74,NA,NA
BRA,2008,0.6737,73,NA,NA
BRA,2009,0.6695,81,NA,NA
BRA,2010,0.6655,85,NA,NA
BRA,2011,0.6679,82,Brazil,52.9
BRA,2012,0.6909,62,Brazil,53.5
BRA,2013,0.6949,62,Brazil,52.8
BRA,2014,0.6941,71,Brazil,52.1
BRA,2015,0.686,85,Brazil,51.9
BRA,2016,0.687,79,Brazil,53.3
BRA,2018,0.681,95,Brazil,53.9
BRB,2008,0.7188,26,NA,NA
BRB,2009,0.7236,21,NA,NA
BRB,2010,0.7176,31,NA,NA
BRB,2011,0.717,33,NA,NA
BRB,2012,0.7232,27,NA,NA
BRB,2013,0.7301,29,NA,NA
BRB,2014,0.7289,33,NA,NA
BRB,2015,0.744,24,NA,NA
BRB,2016,0.739,28,NA,NA
BRB,2018,0.753,21,NA,NA
BRN,2008,0.6392,99,NA,NA
BRN,2009,0.6524,94,NA,NA
BRN,2010,0.6748,77,NA,NA
BRN,2011,0.6787,76,NA,NA
BRN,2012,0.675,75,NA,NA
BRN,2013,0.673,88,NA,NA
BRN,2014,0.6719,98,NA,NA
BRN,2015,0.684,88,NA,NA
BRN,2016,0.669,103,NA,NA
BRN,2018,0.686,90,NA,NA
BTN,2013,0.6651,93,NA,NA
BTN,2014,0.6364,120,NA,NA
BTN,2015,0.646,118,NA,NA
BTN,2016,0.642,121,NA,NA
BTN,2018,0.638,122,NA,NA
BWA,2006,0.6897,34,NA,NA
BWA,2007,0.6797,53,NA,NA
BWA,2008,0.6839,63,NA,NA
BWA,2009,0.7071,39,NA,NA
BWA,2010,0.6876,62,NA,NA
BWA,2011,0.6832,66,NA,NA
BWA,2012,0.6744,77,NA,NA
BWA,2013,0.6752,85,NA,NA
BWA,2014,0.7129,51,NA,NA
BWA,2015,0.71,55,Botswana,53.3
BWA,2016,0.715,54,NA,NA
BWA,2018,0.715,55,NA,NA
CAN,2006,0.7165,14,NA,NA
CAN,2007,0.7198,18,NA,NA
CAN,2008,0.7136,31,NA,NA
CAN,2009,0.7196,25,NA,NA
CAN,2010,0.7372,20,Canada,33.6
CAN,2011,0.7407,18,NA,NA
CAN,2012,0.7381,21,NA,NA
CAN,2013,0.7425,20,Canada,33.8
CAN,2014,0.7464,19,NA,NA
CAN,2015,0.74,30,NA,NA
CAN,2016,0.731,35,NA,NA
CAN,2018,0.771,16,NA,NA
CHE,2006,0.6997,26,NA,NA
CHE,2007,0.6924,40,NA,NA
CHE,2008,0.736,14,NA,NA
CHE,2009,0.7426,13,NA,NA
CHE,2010,0.7562,10,Switzerland,32.6
CHE,2011,0.7627,10,Switzerland,31.7
CHE,2012,0.7672,10,Switzerland,31.6
CHE,2013,0.7736,9,Switzerland,32.5
CHE,2014,0.7798,11,Switzerland,32.5
CHE,2015,0.785,8,Switzerland,32.3
CHE,2016,0.776,11,Switzerland,33
CHE,2018,0.755,20,NA,NA
CHL,2006,0.6455,78,NA,NA
CHL,2007,0.6482,86,NA,NA
CHL,2008,0.6818,65,NA,NA
CHL,2009,0.6884,64,NA,NA
CHL,2010,0.7013,48,NA,NA
CHL,2011,0.703,46,Chile,46
CHL,2012,0.6676,87,NA,NA
CHL,2013,0.667,91,Chile,45.8
CHL,2014,0.6975,66,NA,NA
CHL,2015,0.698,73,Chile,44.4
CHL,2016,0.699,70,NA,NA
CHL,2018,0.717,54,NA,NA
CHN,2006,0.656,63,NA,NA
CHN,2007,0.6643,73,NA,NA
CHN,2008,0.6878,57,NA,NA
CHN,2009,0.6907,60,NA,NA
CHN,2010,0.6881,61,China,43.7
CHN,2011,0.6866,61,China,42.4
CHN,2012,0.6853,69,China,42.2
CHN,2013,0.6908,69,China,39.7
CHN,2014,0.683,87,China,39.2
CHN,2015,0.682,91,China,38.6
CHN,2016,0.676,99,China,38.5
CHN,2018,0.673,103,NA,NA
CIV,2010,0.5691,130,NA,NA
CIV,2011,0.5773,130,NA,NA
CIV,2012,0.5785,130,NA,NA
CIV,2013,0.5814,131,NA,NA
CIV,2014,0.5874,136,NA,NA
CIV,2015,0.606,133,Cote d'Ivoire,41.5
CIV,2016,0.597,136,NA,NA
CIV,2018,0.627,131,NA,NA
CMR,2006,0.5865,103,NA,NA
CMR,2007,0.5919,116,NA,NA
CMR,2008,0.6017,117,NA,NA
CMR,2009,0.6108,118,NA,NA
CMR,2010,0.611,114,NA,NA
CMR,2011,0.6073,119,NA,NA
CMR,2012,0.6291,112,NA,NA
CMR,2013,0.656,100,NA,NA
CMR,2015,0.682,90,NA,NA
CMR,2016,0.684,85,NA,NA
CMR,2018,0.714,57,NA,NA
COD,2018,0.582,144,NA,NA
COL,2006,0.7049,22,NA,NA
COL,2007,0.709,24,NA,NA
COL,2008,0.6944,50,NA,NA
COL,2009,0.6939,56,NA,NA
COL,2010,0.6927,55,Colombia,54.7
COL,2011,0.6714,80,Colombia,53.5
COL,2012,0.6901,63,Colombia,52.7
COL,2013,0.7171,35,Colombia,52.8
COL,2014,0.7122,53,Colombia,52.7
COL,2015,0.725,42,Colombia,51.1
COL,2016,0.727,39,Colombia,50.8
COL,2018,0.729,40,Colombia,50.4
CPV,2012,0.718,35,NA,NA
CPV,2013,0.7122,41,NA,NA
CPV,2014,0.7133,50,NA,NA
CPV,2015,0.717,50,Cabo Verde,42.4
CPV,2016,0.729,36,NA,NA
CPV,2018,0.702,72,NA,NA
CRI,2006,0.6936,30,NA,NA
CRI,2007,0.7014,28,NA,NA
CRI,2008,0.7111,32,NA,NA
CRI,2009,0.718,27,NA,NA
CRI,2010,0.7194,28,Costa Rica,48.2
CRI,2011,0.7266,25,Costa Rica,48.7
CRI,2012,0.7225,29,Costa Rica,48.6
CRI,2013,0.7241,31,Costa Rica,49.3
CRI,2014,0.7165,48,Costa Rica,48.6
CRI,2015,0.732,38,Costa Rica,48.4
CRI,2016,0.736,32,Costa Rica,48.7
CRI,2018,0.749,22,Costa Rica,48
CUB,2007,0.7169,22,NA,NA
CUB,2008,0.7195,25,NA,NA
CUB,2009,0.7176,29,NA,NA
CUB,2010,0.7253,24,NA,NA
CUB,2011,0.7394,20,NA,NA
CUB,2012,0.7417,19,NA,NA
CUB,2013,0.754,15,NA,NA
CUB,2014,0.7317,30,NA,NA
CUB,2015,0.74,29,NA,NA
CUB,2016,0.74,27,NA,NA
CUB,2018,0.749,23,NA,NA
CYP,2006,0.643,83,NA,NA
CYP,2007,0.6522,82,NA,NA
CYP,2008,0.6694,76,NA,NA
CYP,2009,0.6706,79,NA,NA
CYP,2010,0.6642,86,Cyprus,31.5
CYP,2011,0.6567,93,Cyprus,32.6
CYP,2012,0.6732,79,Cyprus,34.3
CYP,2013,0.6801,79,Cyprus,37
CYP,2014,0.6741,95,Cyprus,35.6
CYP,2015,0.671,100,Cyprus,34
CYP,2016,0.684,84,Cyprus,32.9
CYP,2018,0.684,92,NA,NA
CZE,2006,0.6712,53,NA,NA
CZE,2007,0.6718,64,NA,NA
CZE,2008,0.677,69,NA,NA
CZE,2009,0.6789,74,NA,NA
CZE,2010,0.685,65,Czech Republic,26.6
CZE,2011,0.6789,75,Czech Republic,26.4
CZE,2012,0.6767,73,Czech Republic,26.1
CZE,2013,0.677,83,Czech Republic,26.5
CZE,2014,0.6737,96,Czech Republic,25.9
CZE,2015,0.687,81,Czech Republic,25.9
CZE,2016,0.69,77,Czech Republic,25.4
CZE,2018,0.693,82,NA,NA
DEU,2006,0.7524,5,NA,NA
DEU,2007,0.7618,7,NA,NA
DEU,2008,0.7394,11,NA,NA
DEU,2009,0.7449,12,NA,NA
DEU,2010,0.753,13,Germany,30.2
DEU,2011,0.759,11,Germany,30.5
DEU,2012,0.7629,13,NA,NA
DEU,2013,0.7583,14,Germany,31.1
DEU,2014,0.778,12,NA,NA
DEU,2015,0.779,11,Germany,31.7
DEU,2016,0.766,13,Germany,31.9
DEU,2018,0.776,14,NA,NA
DNK,2006,0.7462,8,NA,NA
DNK,2007,0.7519,8,NA,NA
DNK,2008,0.7538,7,NA,NA
DNK,2009,0.7628,7,NA,NA
DNK,2010,0.7719,7,Denmark,27.2
DNK,2011,0.7778,7,Denmark,27.3
DNK,2012,0.7777,7,Denmark,27.8
DNK,2013,0.7779,8,Denmark,28.5
DNK,2014,0.8025,5,Denmark,28.4
DNK,2015,0.767,14,Denmark,28.2
DNK,2016,0.754,19,Denmark,28.2
DNK,2018,0.778,13,NA,NA
DOM,2006,0.6639,59,NA,NA
DOM,2007,0.6705,65,NA,NA
DOM,2008,0.6744,72,NA,NA
DOM,2009,0.6859,67,NA,NA
DOM,2010,0.6774,73,Dominican Republic,47.3
DOM,2011,0.6682,81,Dominican Republic,47.7
DOM,2012,0.6659,89,Dominican Republic,46.1
DOM,2013,0.6867,72,Dominican Republic,47.7
DOM,2014,0.6906,78,Dominican Republic,44.3
DOM,2015,0.686,86,Dominican Republic,45.2
DOM,2016,0.676,97,Dominican Republic,45.7
DOM,2018,0.701,74,Dominican Republic,43.7
DZA,2006,0.6018,97,NA,NA
DZA,2007,0.6068,108,NA,NA
DZA,2008,0.6111,111,NA,NA
DZA,2009,0.6119,117,NA,NA
DZA,2010,0.6052,119,NA,NA
DZA,2011,0.5991,121,Algeria,27.6
DZA,2012,0.6112,120,NA,NA
DZA,2013,0.5966,124,NA,NA
DZA,2014,0.6182,126,NA,NA
DZA,2015,0.632,128,NA,NA
DZA,2016,0.642,120,NA,NA
DZA,2018,0.629,128,NA,NA
ECU,2006,0.6433,82,NA,NA
ECU,2007,0.6881,44,NA,NA
ECU,2008,0.7091,35,NA,NA
ECU,2009,0.722,23,NA,NA
ECU,2010,0.7072,40,Ecuador,48.7
ECU,2011,0.7035,45,Ecuador,45.9
ECU,2012,0.7206,33,Ecuador,46.1
ECU,2013,0.7389,25,Ecuador,46.9
ECU,2014,0.7455,21,Ecuador,45
ECU,2015,0.738,33,Ecuador,46
ECU,2016,0.726,40,Ecuador,45
ECU,2018,0.729,41,Ecuador,45.4
EGY,2006,0.5785,109,NA,NA
EGY,2007,0.5809,120,NA,NA
EGY,2008,0.5832,124,NA,NA
EGY,2009,0.5862,126,NA,NA
EGY,2010,0.5899,125,"Egypt, Arab Rep.",30.2
EGY,2011,0.5933,123,NA,NA
EGY,2012,0.5975,126,"Egypt, Arab Rep.",28.3
EGY,2013,0.5935,125,NA,NA
EGY,2014,0.6064,129,NA,NA
EGY,2015,0.599,136,"Egypt, Arab Rep.",31.8
EGY,2016,0.614,132,NA,NA
EGY,2018,0.614,135,NA,NA
ESP,2006,0.7319,11,NA,NA
ESP,2007,0.7444,10,NA,NA
ESP,2008,0.7281,17,NA,NA
ESP,2009,0.7345,17,NA,NA
ESP,2010,0.7554,11,Spain,35.2
ESP,2011,0.758,12,Spain,35.7
ESP,2012,0.7266,26,Spain,35.4
ESP,2013,0.7266,30,Spain,36.2
ESP,2014,0.7325,29,Spain,36.1
ESP,2015,0.742,25,Spain,36.2
ESP,2016,0.738,29,Spain,35.8
ESP,2018,0.746,29,NA,NA
EST,2006,0.6944,29,NA,NA
EST,2007,0.7008,30,NA,NA
EST,2008,0.7076,37,NA,NA
EST,2009,0.7094,37,NA,NA
EST,2010,0.7018,47,Estonia,32
EST,2011,0.6983,52,Estonia,32.5
EST,2012,0.6977,60,Estonia,32.9
EST,2013,0.6997,59,Estonia,35.1
EST,2014,0.7017,62,Estonia,34.6
EST,2015,0.749,21,Estonia,32.7
EST,2016,0.747,22,Estonia,31.2
EST,2018,0.734,33,NA,NA
ETH,2006,0.5945,100,NA,NA
ETH,2007,0.5991,113,NA,NA
ETH,2008,0.5867,122,NA,NA
ETH,2009,0.5948,122,NA,NA
ETH,2010,0.6019,121,Ethiopia,33.2
ETH,2011,0.6136,116,NA,NA
ETH,2012,0.62,118,NA,NA
ETH,2013,0.6198,118,NA,NA
ETH,2014,0.6144,127,NA,NA
ETH,2015,0.64,124,Ethiopia,35
ETH,2016,0.662,109,NA,NA
ETH,2018,0.656,117,NA,NA
FIN,2006,0.7958,3,NA,NA
FIN,2007,0.8044,3,NA,NA
FIN,2008,0.8195,2,NA,NA
FIN,2009,0.8252,2,NA,NA
FIN,2010,0.826,3,Finland,27.7
FIN,2011,0.8383,3,Finland,27.6
FIN,2012,0.8451,2,Finland,27.1
FIN,2013,0.8421,2,Finland,27.2
FIN,2014,0.8453,2,Finland,26.8
FIN,2015,0.85,3,Finland,27.1
FIN,2016,0.845,2,Finland,27.1
FIN,2018,0.821,4,NA,NA
FRA,2006,0.652,70,NA,NA
FRA,2007,0.6824,51,NA,NA
FRA,2008,0.7341,15,NA,NA
FRA,2009,0.7331,18,NA,NA
FRA,2010,0.7025,46,France,33.7
FRA,2011,0.7018,48,France,33.3
FRA,2012,0.6984,57,France,33.1
FRA,2013,0.7089,45,France,32.5
FRA,2014,0.7588,16,France,32.3
FRA,2015,0.761,15,France,32.7
FRA,2016,0.755,17,France,31.9
FRA,2018,0.779,12,NA,NA
GBR,2006,0.7365,9,NA,NA
GBR,2007,0.7441,11,NA,NA
GBR,2008,0.7366,13,NA,NA
GBR,2009,0.7402,15,NA,NA
GBR,2010,0.746,15,United Kingdom,34.4
GBR,2011,0.7462,16,United Kingdom,33.2
GBR,2012,0.7433,18,United Kingdom,32.3
GBR,2013,0.744,18,United Kingdom,33.2
GBR,2014,0.7383,26,United Kingdom,34
GBR,2015,0.758,18,United Kingdom,33.2
GBR,2016,0.752,20,United Kingdom,34.8
GBR,2018,0.774,15,NA,NA
GEO,2006,0.67,54,NA,NA
GEO,2007,0.6665,67,NA,NA
GEO,2008,0.6654,82,NA,NA
GEO,2009,0.668,83,NA,NA
GEO,2010,0.6598,88,Georgia,39.5
GEO,2011,0.6624,86,Georgia,39.6
GEO,2012,0.6691,85,Georgia,39
GEO,2013,0.675,86,Georgia,38.6
GEO,2014,0.6855,85,Georgia,37.6
GEO,2015,0.687,82,Georgia,36.5
GEO,2016,0.681,90,Georgia,36.6
GEO,2018,0.677,99,Georgia,36.4
GHA,2006,0.6652,58,NA,NA
GHA,2007,0.6725,63,NA,NA
GHA,2008,0.6679,77,NA,NA
GHA,2009,0.6704,80,NA,NA
GHA,2010,0.6782,70,NA,NA
GHA,2011,0.6811,70,NA,NA
GHA,2012,0.6778,71,Ghana,42.4
GHA,2013,0.6811,76,NA,NA
GHA,2014,0.6661,101,NA,NA
GHA,2015,0.704,63,NA,NA
GHA,2016,0.705,59,Ghana,43.5
GHA,2018,0.688,89,NA,NA
GIN,2014,0.6005,132,NA,NA
GIN,2015,0.618,131,NA,NA
GIN,2016,0.64,122,NA,NA
GIN,2018,0.656,116,NA,NA
GMB,2006,0.6446,80,NA,NA
GMB,2007,0.6421,95,NA,NA
GMB,2008,0.6622,85,NA,NA
GMB,2009,0.6752,75,NA,NA
GMB,2010,0.6762,75,"Gambia, The",43.6
GMB,2011,0.6763,77,NA,NA
GMB,2012,0.663,93,NA,NA
GMB,2015,0.674,98,"Gambia, The",35.9
GMB,2016,0.667,104,NA,NA
GMB,2018,0.642,120,NA,NA
GRC,2006,0.654,69,NA,NA
GRC,2007,0.6648,72,NA,NA
GRC,2008,0.6727,75,NA,NA
GRC,2009,0.6662,85,NA,NA
GRC,2010,0.6908,58,Greece,34.1
GRC,2011,0.6916,56,Greece,34.8
GRC,2012,0.6716,82,Greece,36.3
GRC,2013,0.6782,81,Greece,36.1
GRC,2014,0.6784,91,Greece,35.8
GRC,2015,0.685,87,Greece,36
GRC,2016,0.68,92,Greece,35
GRC,2018,0.696,78,NA,NA
GTM,2006,0.6066,95,NA,NA
GTM,2007,0.6144,106,NA,NA
GTM,2008,0.6072,112,NA,NA
GTM,2009,0.6209,111,NA,NA
GTM,2010,0.6238,109,NA,NA
GTM,2011,0.6229,112,NA,NA
GTM,2012,0.626,116,NA,NA
GTM,2013,0.6304,114,NA,NA
GTM,2014,0.6821,89,Guatemala,48.3
GTM,2015,0.667,106,NA,NA
GTM,2016,0.666,105,NA,NA
GTM,2018,0.668,107,NA,NA
GUY,2009,0.7108,35,NA,NA
GUY,2010,0.709,38,NA,NA
GUY,2011,0.7084,38,NA,NA
GUY,2012,0.7119,42,NA,NA
GUY,2013,0.7085,48,NA,NA
GUY,2014,0.701,64,NA,NA
GUY,2015,0.702,66,NA,NA
HND,2006,0.6483,74,NA,NA
HND,2007,0.6661,68,NA,NA
HND,2008,0.696,47,NA,NA
HND,2009,0.6893,62,NA,NA
HND,2010,0.6927,54,Honduras,53.1
HND,2011,0.6945,54,Honduras,56.2
HND,2012,0.6763,74,Honduras,56.1
HND,2013,0.6773,82,Honduras,52.6
HND,2014,0.6935,73,Honduras,50.4
HND,2015,0.688,80,Honduras,49.6
HND,2016,0.69,78,Honduras,51.1
HND,2018,0.706,68,Honduras,52.1
HRV,2006,0.7145,16,NA,NA
HRV,2007,0.721,16,NA,NA
HRV,2008,0.6967,46,NA,NA
HRV,2009,0.6944,54,NA,NA
HRV,2010,0.6939,53,Croatia,32.4
HRV,2011,0.7006,50,Croatia,32.3
HRV,2012,0.7053,49,Croatia,32.5
HRV,2013,0.7069,49,Croatia,32
HRV,2014,0.7075,55,Croatia,32.1
HRV,2015,0.708,59,Croatia,31.1
HRV,2016,0.7,68,Croatia,30.9
HRV,2018,0.712,59,NA,NA
HUN,2006,0.6698,55,NA,NA
HUN,2007,0.6731,61,NA,NA
HUN,2008,0.6867,60,NA,NA
HUN,2009,0.6879,65,NA,NA
HUN,2010,0.672,79,Hungary,29.4
HUN,2011,0.6642,85,Hungary,29.2
HUN,2012,0.6718,81,Hungary,30.8
HUN,2013,0.6742,87,Hungary,31.5
HUN,2014,0.6759,93,Hungary,30.9
HUN,2015,0.672,99,Hungary,30.4
HUN,2016,0.669,101,Hungary,30.3
HUN,2018,0.674,102,NA,NA
IDN,2006,0.6541,68,NA,NA
IDN,2007,0.655,81,NA,NA
IDN,2008,0.6473,93,NA,NA
IDN,2009,0.658,92,NA,NA
IDN,2010,0.6615,87,Indonesia,36.4
IDN,2011,0.6594,90,Indonesia,39.7
IDN,2012,0.6591,97,Indonesia,39.7
IDN,2013,0.6613,95,Indonesia,40
IDN,2014,0.6725,97,Indonesia,39.4
IDN,2015,0.681,92,Indonesia,39.7
IDN,2016,0.682,88,Indonesia,38.6
IDN,2018,0.691,85,Indonesia,37.8
IND,2006,0.601,98,NA,NA
IND,2007,0.5936,114,NA,NA
IND,2008,0.606,113,NA,NA
IND,2009,0.6151,114,NA,NA
IND,2010,0.6155,112,NA,NA
IND,2011,0.619,113,India,35.7
IND,2012,0.6442,105,NA,NA
IND,2013,0.6551,101,NA,NA
IND,2014,0.6455,114,NA,NA
IND,2015,0.664,108,NA,NA
IND,2016,0.683,87,NA,NA
IND,2018,0.665,108,NA,NA
IRL,2006,0.7335,10,NA,NA
IRL,2007,0.7457,9,NA,NA
IRL,2008,0.7518,8,NA,NA
IRL,2009,0.7597,8,NA,NA
IRL,2010,0.7773,6,Ireland,32.3
IRL,2011,0.783,5,Ireland,32.9
IRL,2012,0.7839,5,Ireland,33.2
IRL,2013,0.7823,6,Ireland,33.5
IRL,2014,0.785,8,Ireland,31.9
IRL,2015,0.807,5,Ireland,31.8
IRL,2016,0.797,6,Ireland,32.8
IRL,2018,0.796,9,NA,NA
IRN,2006,0.5802,108,NA,NA
IRN,2007,0.5903,118,NA,NA
IRN,2008,0.6021,116,NA,NA
IRN,2009,0.5839,128,NA,NA
IRN,2010,0.5933,123,NA,NA
IRN,2011,0.5894,125,NA,NA
IRN,2012,0.5927,127,NA,NA
IRN,2013,0.5842,130,"Iran, Islamic Rep.",37.4
IRN,2014,0.5811,137,"Iran, Islamic Rep.",38.8
IRN,2015,0.58,141,"Iran, Islamic Rep.",39.5
IRN,2016,0.587,139,"Iran, Islamic Rep.",40
IRN,2018,0.589,142,NA,NA
IRQ,2018,0.551,147,NA,NA
ISL,2006,0.7813,4,NA,NA
ISL,2007,0.7836,4,NA,NA
ISL,2008,0.79990000000000006,4,NA,NA
ISL,2009,0.8276,1,NA,NA
ISL,2010,0.8496,1,Iceland,26.2
ISL,2011,0.853,1,Iceland,26.8
ISL,2012,0.864,1,Iceland,26.8
ISL,2013,0.8731,1,Iceland,25.4
ISL,2014,0.8594,1,Iceland,27.8
ISL,2015,0.881,1,Iceland,26.8
ISL,2016,0.874,1,NA,NA
ISL,2018,0.858,1,NA,NA
ISR,2006,0.6889,35,NA,NA
ISR,2007,0.6965,36,NA,NA
ISR,2008,0.69,56,NA,NA
ISR,2009,0.7019,45,NA,NA
ISR,2010,0.6957,52,Israel,42.5
ISR,2011,0.6926,55,NA,NA
ISR,2012,0.6989,56,Israel,41.3
ISR,2013,0.7032,53,NA,NA
ISR,2014,0.7005,65,Israel,39.8
ISR,2015,0.712,53,NA,NA
ISR,2016,0.719,49,Israel,39
ISR,2018,0.722,46,NA,NA
ITA,2006,0.6456,77,NA,NA
ITA,2007,0.6498,84,NA,NA
ITA,2008,0.6788,67,NA,NA
ITA,2009,0.6798,72,NA,NA
ITA,2010,0.6765,74,Italy,34.7
ITA,2011,0.6796,74,Italy,35.1
ITA,2012,0.6729,80,Italy,35.2
ITA,2013,0.6885,71,Italy,34.9
ITA,2014,0.6973,69,Italy,34.7
ITA,2015,0.726,41,Italy,35.4
ITA,2016,0.719,50,Italy,35.2
ITA,2018,0.706,70,NA,NA
JAM,2006,0.7014,25,NA,NA
JAM,2007,0.6925,39,NA,NA
JAM,2008,0.698,44,NA,NA
JAM,2009,0.7013,48,NA,NA
JAM,2010,0.7037,44,NA,NA
JAM,2011,0.7028,47,NA,NA
JAM,2012,0.7035,51,NA,NA
JAM,2013,0.7085,47,NA,NA
JAM,2014,0.7128,52,NA,NA
JAM,2015,0.703,65,NA,NA
JAM,2016,0.724,42,NA,NA
JAM,2018,0.724,44,NA,NA
JOR,2006,0.6109,93,NA,NA
JOR,2007,0.6203,104,NA,NA
JOR,2008,0.6275,104,NA,NA
JOR,2009,0.6182,113,NA,NA
JOR,2010,0.6048,120,Jordan,33.7
JOR,2011,0.6117,117,NA,NA
JOR,2012,0.6103,121,NA,NA
JOR,2013,0.6093,119,NA,NA
JOR,2014,0.5968,134,NA,NA
JOR,2015,0.593,140,NA,NA
JOR,2016,0.603,134,NA,NA
JOR,2018,0.605,138,NA,NA
JPN,2006,0.6447,79,NA,NA
JPN,2007,0.6455,91,NA,NA
JPN,2008,0.6434,98,NA,NA
JPN,2009,0.6445,101,NA,NA
JPN,2010,0.6524,94,Japan,32.1
JPN,2011,0.6514,98,NA,NA
JPN,2012,0.653,101,NA,NA
JPN,2013,0.6498,105,Japan,32.9
JPN,2014,0.6584,104,NA,NA
JPN,2015,0.67,101,NA,NA
JPN,2016,0.66,111,NA,NA
JPN,2018,0.662,110,NA,NA
KAZ,2006,0.6928,32,NA,NA
KAZ,2007,0.6983,32,NA,NA
KAZ,2008,0.6976,45,NA,NA
KAZ,2009,0.7013,47,NA,NA
KAZ,2010,0.7055,41,Kazakhstan,28
KAZ,2011,0.701,49,Kazakhstan,28
KAZ,2012,0.7213,31,Kazakhstan,28.2
KAZ,2013,0.7218,32,Kazakhstan,27.1
KAZ,2014,0.721,43,Kazakhstan,27
KAZ,2015,0.719,47,Kazakhstan,26.8
KAZ,2016,0.718,51,Kazakhstan,27.2
KAZ,2018,0.712,60,NA,NA
KEN,2006,0.6485,73,NA,NA
KEN,2007,0.6508,83,NA,NA
KEN,2008,0.6547,88,NA,NA
KEN,2009,0.6512,97,NA,NA
KEN,2010,0.6499,96,NA,NA
KEN,2011,0.6493,99,NA,NA
KEN,2012,0.6768,72,NA,NA
KEN,2013,0.6803,78,NA,NA
KEN,2014,0.7258,37,NA,NA
KEN,2015,0.719,48,Kenya,40.8
KEN,2016,0.702,63,NA,NA
KEN,2018,0.7,76,NA,NA
KGZ,2006,0.6741,52,NA,NA
KGZ,2007,0.6653,70,NA,NA
KGZ,2008,0.7045,41,NA,NA
KGZ,2009,0.7058,41,NA,NA
KGZ,2010,0.6973,51,Kyrgyz Republic,30.1
KGZ,2011,0.7036,44,Kyrgyz Republic,27.8
KGZ,2012,0.7013,54,Kyrgyz Republic,27.4
KGZ,2013,0.6948,63,Kyrgyz Republic,28.8
KGZ,2014,0.6974,67,Kyrgyz Republic,26.8
KGZ,2015,0.693,76,Kyrgyz Republic,29
KGZ,2016,0.687,81,Kyrgyz Republic,26.8
KGZ,2018,0.691,86,Kyrgyz Republic,27.7
KHM,2006,0.629,89,NA,NA
KHM,2007,0.6353,98,NA,NA
KHM,2008,0.6469,94,NA,NA
KHM,2009,0.641,104,NA,NA
KHM,2010,0.6482,97,NA,NA
KHM,2011,0.6464,102,NA,NA
KHM,2012,0.6457,103,NA,NA
KHM,2013,0.6509,104,NA,NA
KHM,2014,0.652,108,NA,NA
KHM,2015,0.662,109,NA,NA
KHM,2016,0.658,112,NA,NA
KHM,2018,0.683,93,NA,NA
KOR,2006,0.6157,92,NA,NA
KOR,2007,0.6409,97,NA,NA
KOR,2008,0.6154,108,NA,NA
KOR,2009,0.6146,115,NA,NA
KOR,2010,0.6342,104,"Korea, Rep.",32
KOR,2011,0.6281,107,NA,NA
KOR,2012,0.6356,108,"Korea, Rep.",31.6
KOR,2013,0.6351,111,NA,NA
KOR,2014,0.6403,117,NA,NA
KOR,2015,0.651,115,NA,NA
KOR,2016,0.649,116,NA,NA
KOR,2018,0.657,115,NA,NA
KWT,2006,0.6341,86,NA,NA
KWT,2007,0.6409,96,NA,NA
KWT,2008,0.6358,101,NA,NA
KWT,2009,0.6356,105,NA,NA
KWT,2010,0.6318,105,NA,NA
KWT,2011,0.6322,105,NA,NA
KWT,2012,0.632,109,NA,NA
KWT,2013,0.6292,116,NA,NA
KWT,2014,0.6457,113,NA,NA
KWT,2015,0.646,117,NA,NA
KWT,2016,0.624,128,NA,NA
KWT,2018,0.63,126,NA,NA
LAO,2013,0.6993,60,NA,NA
LAO,2014,0.7044,60,NA,NA
LAO,2015,0.713,52,NA,NA
LAO,2016,0.724,43,NA,NA
LAO,2018,0.748,26,NA,NA
LBN,2010,0.6084,116,NA,NA
LBN,2011,0.6083,118,Lebanon,31.8
LBN,2012,0.603,122,NA,NA
LBN,2013,0.6028,123,NA,NA
LBN,2014,0.5923,135,NA,NA
LBN,2015,0.598,138,NA,NA
LBN,2016,0.598,135,NA,NA
LBN,2018,0.595,140,NA,NA
LBR,2014,0.6461,111,Liberia,33.2
LBR,2015,0.652,112,NA,NA
LBR,2016,0.652,114,Liberia,35.3
LBR,2018,0.681,96,NA,NA
LKA,2006,0.7199,13,NA,NA
LKA,2007,0.723,15,NA,NA
LKA,2008,0.7371,12,NA,NA
LKA,2009,0.7402,16,NA,NA
LKA,2010,0.7458,16,NA,NA
LKA,2011,0.7212,31,NA,NA
LKA,2012,0.7122,39,Sri Lanka,39.2
LKA,2013,0.7019,55,NA,NA
LKA,2014,0.6903,79,NA,NA
LKA,2015,0.686,84,NA,NA
LKA,2016,0.673,100,Sri Lanka,39.8
LKA,2018,0.676,100,NA,NA
LSO,2006,0.6807,43,NA,NA
LSO,2007,0.7078,26,NA,NA
LSO,2008,0.732,16,NA,NA
LSO,2009,0.7495,10,NA,NA
LSO,2010,0.7678,8,NA,NA
LSO,2011,0.7666,9,NA,NA
LSO,2012,0.7608,14,NA,NA
LSO,2013,0.753,16,NA,NA
LSO,2014,0.7255,38,NA,NA
LSO,2015,0.706,61,NA,NA
LSO,2016,0.706,57,NA,NA
LSO,2018,0.693,81,NA,NA
LTU,2006,0.7077,21,NA,NA
LTU,2007,0.7234,14,NA,NA
LTU,2008,0.7222,23,NA,NA
LTU,2009,0.7175,30,NA,NA
LTU,2010,0.7132,35,Lithuania,33.6
LTU,2011,0.7131,37,Lithuania,32.5
LTU,2012,0.7191,34,Lithuania,35.1
LTU,2013,0.7308,28,Lithuania,35.3
LTU,2014,0.7208,44,Lithuania,37.7
LTU,2015,0.74,31,Lithuania,37.4
LTU,2016,0.744,25,Lithuania,38.4
LTU,2018,0.749,24,NA,NA
LUX,2006,0.6671,56,NA,NA
LUX,2007,0.6786,58,NA,NA
LUX,2008,0.6802,66,NA,NA
LUX,2009,0.6889,63,NA,NA
LUX,2010,0.7231,26,Luxembourg,30.5
LUX,2011,0.7216,30,Luxembourg,32.1
LUX,2012,0.7439,17,Luxembourg,34.3
LUX,2013,0.741,21,Luxembourg,32
LUX,2014,0.7333,28,Luxembourg,31.2
LUX,2015,0.738,32,Luxembourg,33.8
LUX,2016,0.734,34,Luxembourg,33
LUX,2018,0.712,61,NA,NA
LVA,2006,0.7091,19,NA,NA
LVA,2007,0.7333,13,NA,NA
LVA,2008,0.7397,10,NA,NA
LVA,2009,0.7416,14,NA,NA
LVA,2010,0.7429,18,Latvia,35
LVA,2011,0.7399,19,Latvia,35.8
LVA,2012,0.7572,15,Latvia,35.2
LVA,2013,0.761,12,Latvia,35.5
LVA,2014,0.7691,15,Latvia,35.1
LVA,2015,0.752,20,Latvia,34.2
LVA,2016,0.755,18,Latvia,34.3
LVA,2018,0.758,17,NA,NA
MAR,2006,0.5826,107,NA,NA
MAR,2007,0.5676,122,NA,NA
MAR,2008,0.5757,125,NA,NA
MAR,2009,0.5926,124,NA,NA
MAR,2010,0.5767,127,NA,NA
MAR,2011,0.5804,129,NA,NA
MAR,2012,0.5833,129,NA,NA
MAR,2013,0.5845,129,Morocco,39.5
MAR,2014,0.5988,133,NA,NA
MAR,2015,0.593,139,NA,NA
MAR,2016,0.597,137,NA,NA
MAR,2018,0.607,137,NA,NA
MDA,2006,0.7128,17,NA,NA
MDA,2007,0.7172,21,NA,NA
MDA,2008,0.7244,20,NA,NA
MDA,2009,0.7104,36,NA,NA
MDA,2010,0.716,34,Moldova,32.1
MDA,2011,0.7083,39,Moldova,30.6
MDA,2012,0.7101,45,Moldova,29.2
MDA,2013,0.7037,52,Moldova,28.5
MDA,2014,0.7405,25,Moldova,26.8
MDA,2015,0.742,26,Moldova,27
MDA,2016,0.741,26,Moldova,26.3
MDA,2018,0.733,35,Moldova,25.7
MDG,2006,0.6385,84,NA,NA
MDG,2007,0.6461,89,NA,NA
MDG,2008,0.6736,74,NA,NA
MDG,2009,0.6732,77,NA,NA
MDG,2010,0.6713,80,Madagascar,42.4
MDG,2011,0.6797,71,NA,NA
MDG,2012,0.6982,58,Madagascar,42.6
MDG,2013,0.7016,56,NA,NA
MDG,2014,0.7214,41,NA,NA
MDG,2015,0.698,74,NA,NA
MDG,2016,0.704,60,NA,NA
MDG,2018,0.691,84,NA,NA
MEX,2006,0.6462,75,NA,NA
MEX,2007,0.6441,93,NA,NA
MEX,2008,0.6441,97,NA,NA
MEX,2009,0.6503,98,NA,NA
MEX,2010,0.6577,91,Mexico,47.2
MEX,2011,0.6604,89,NA,NA
MEX,2012,0.6712,84,Mexico,48.7
MEX,2013,0.6917,68,NA,NA
MEX,2014,0.69,80,Mexico,48.7
MEX,2015,0.699,71,NA,NA
MEX,2016,0.7,66,Mexico,46.3
MEX,2018,0.721,50,Mexico,45.4
MKD,2006,0.6983,28,NA,NA
MKD,2007,0.6967,35,NA,NA
MKD,2008,0.6914,53,NA,NA
MKD,2009,0.695,53,NA,NA
MKD,2010,0.6996,49,North Macedonia,40.2
MKD,2011,0.6966,53,North Macedonia,39.4
MKD,2012,0.6968,61,North Macedonia,38.1
MKD,2013,0.7013,57,North Macedonia,36.2
MKD,2014,0.6943,70,North Macedonia,35.2
MKD,2015,0.701,69,North Macedonia,35.6
MKD,2016,0.696,73,North Macedonia,34.5
MKD,2018,0.707,66,NA,NA
MLI,2006,0.5994,99,NA,NA
MLI,2007,0.6019,112,NA,NA
MLI,2008,0.6117,109,NA,NA
MLI,2009,0.586,127,NA,NA
MLI,2010,0.568,131,NA,NA
MLI,2011,0.5752,132,NA,NA
MLI,2012,0.5842,128,NA,NA
MLI,2013,0.5872,128,NA,NA
MLI,2014,0.5779,138,NA,NA
MLI,2015,0.599,137,NA,NA
MLI,2016,0.591,138,NA,NA
MLI,2018,0.582,143,NA,NA
MLT,2006,0.6518,71,NA,NA
MLT,2007,0.6615,76,NA,NA
MLT,2008,0.6634,83,NA,NA
MLT,2009,0.6635,88,NA,NA
MLT,2010,0.6695,83,Malta,29
MLT,2011,0.6658,83,Malta,29.1
MLT,2012,0.6666,88,Malta,29.4
MLT,2013,0.6761,84,Malta,28.8
MLT,2014,0.6707,99,Malta,29
MLT,2015,0.668,104,Malta,29.4
MLT,2016,0.664,108,Malta,29.1
MLT,2018,0.686,91,NA,NA
MMR,2018,0.69,88,NA,NA
MNE,2014,0.6934,74,Montenegro,38.8
MNE,2015,0.689,79,Montenegro,39
MNE,2016,0.681,89,NA,NA
MNE,2018,0.706,69,NA,NA
MNG,2006,0.6821,42,NA,NA
MNG,2007,0.6731,62,NA,NA
MNG,2008,0.7049,40,NA,NA
MNG,2009,0.7221,22,NA,NA
MNG,2010,0.7194,27,Mongolia,33.1
MNG,2011,0.714,36,Mongolia,33.9
MNG,2012,0.7111,44,Mongolia,33.8
MNG,2013,0.7204,33,NA,NA
MNG,2014,0.7212,42,Mongolia,32
MNG,2015,0.709,56,NA,NA
MNG,2016,0.705,58,Mongolia,32.3
MNG,2018,0.714,58,Mongolia,32.7
MOZ,2007,0.6883,43,NA,NA
MOZ,2008,0.7266,18,NA,NA
MOZ,2009,0.7195,26,NA,NA
MOZ,2010,0.7329,22,NA,NA
MOZ,2011,0.7251,26,NA,NA
MOZ,2012,0.735,23,NA,NA
MOZ,2013,0.7349,26,NA,NA
MOZ,2014,0.737,27,Mozambique,54
MOZ,2015,0.741,27,NA,NA
MOZ,2016,0.75,21,NA,NA
MOZ,2018,0.721,49,NA,NA
MRT,2006,0.5833,106,NA,NA
MRT,2007,0.6022,111,NA,NA
MRT,2008,0.6117,110,NA,NA
MRT,2009,0.6103,119,NA,NA
MRT,2010,0.6152,113,NA,NA
MRT,2011,0.6164,114,NA,NA
MRT,2012,0.6129,119,NA,NA
MRT,2013,0.581,132,NA,NA
MRT,2014,0.6029,131,Mauritania,32.6
MRT,2015,0.613,132,NA,NA
MRT,2016,0.624,129,NA,NA
MRT,2018,0.607,136,NA,NA
MUS,2006,0.6327,88,NA,NA
MUS,2007,0.6487,85,NA,NA
MUS,2008,0.6466,95,NA,NA
MUS,2009,0.6513,96,NA,NA
MUS,2010,0.652,95,NA,NA
MUS,2011,0.6529,95,NA,NA
MUS,2012,0.6547,98,Mauritius,38.5
MUS,2013,0.6599,98,NA,NA
MUS,2014,0.6541,106,NA,NA
MUS,2015,0.646,120,NA,NA
MUS,2016,0.652,113,NA,NA
MUS,2018,0.663,109,NA,NA
MWI,2006,0.6435,81,NA,NA
MWI,2007,0.648,87,NA,NA
MWI,2008,0.6664,81,NA,NA
MWI,2009,0.6738,76,NA,NA
MWI,2010,0.6824,68,Malawi,45.5
MWI,2011,0.685,65,NA,NA
MWI,2012,0.7166,36,NA,NA
MWI,2013,0.7139,39,NA,NA
MWI,2014,0.7281,34,NA,NA
MWI,2015,0.701,68,NA,NA
MWI,2016,0.7,67,Malawi,44.7
MWI,2018,0.662,112,NA,NA
MYS,2006,0.6509,72,NA,NA
MYS,2007,0.6444,92,NA,NA
MYS,2008,0.6442,96,NA,NA
MYS,2009,0.6467,100,NA,NA
MYS,2010,0.6479,98,NA,NA
MYS,2011,0.6525,97,Malaysia,43.9
MYS,2012,0.6539,100,NA,NA
MYS,2013,0.6518,102,Malaysia,41.3
MYS,2014,0.652,107,NA,NA
MYS,2015,0.655,111,Malaysia,41
MYS,2016,0.666,106,NA,NA
MYS,2018,0.676,101,NA,NA
NAM,2006,0.6864,38,NA,NA
NAM,2007,0.7012,29,NA,NA
NAM,2008,0.7141,30,NA,NA
NAM,2009,0.7167,32,NA,NA
NAM,2010,0.7238,25,NA,NA
NAM,2011,0.7177,32,NA,NA
NAM,2012,0.7121,41,NA,NA
NAM,2013,0.7094,44,NA,NA
NAM,2014,0.7219,40,NA,NA
NAM,2015,0.76,16,Namibia,59.1
NAM,2016,0.765,14,NA,NA
NAM,2018,0.789,10,NA,NA
NGA,2006,0.6104,94,NA,NA
NGA,2007,0.6122,107,NA,NA
NGA,2008,0.6339,102,NA,NA
NGA,2009,0.628,108,NA,NA
NGA,2010,0.6055,118,NA,NA
NGA,2011,0.6011,120,NA,NA
NGA,2012,0.6315,110,NA,NA
NGA,2013,0.6469,106,NA,NA
NGA,2014,0.6391,118,NA,NA
NGA,2015,0.638,125,NA,NA
NGA,2016,0.643,118,NA,NA
NGA,2018,0.621,133,Nigeria,35.1
NIC,2006,0.6566,62,NA,NA
NIC,2007,0.6458,90,NA,NA
NIC,2008,0.6747,71,NA,NA
NIC,2009,0.7002,49,NA,NA
NIC,2010,0.7176,30,NA,NA
NIC,2011,0.7245,27,NA,NA
NIC,2012,0.7697,9,NA,NA
NIC,2013,0.7715,10,NA,NA
NIC,2014,0.7894,6,Nicaragua,46.2
NIC,2015,0.776,12,NA,NA
NIC,2016,0.78,10,NA,NA
NIC,2018,0.809,5,NA,NA
NLD,2006,0.725,12,NA,NA
NLD,2007,0.7383,12,NA,NA
NLD,2008,0.7399,9,NA,NA
NLD,2009,0.749,11,NA,NA
NLD,2010,0.7444,17,Netherlands,27.8
NLD,2011,0.747,15,Netherlands,27.8
NLD,2012,0.7659,11,Netherlands,27.6
NLD,2013,0.7608,13,Netherlands,28.1
NLD,2014,0.773,14,Netherlands,28.6
NLD,2015,0.776,13,Netherlands,28.2
NLD,2016,0.756,16,Netherlands,28.2
NLD,2018,0.747,27,NA,NA
NOR,2006,0.7994,2,NA,NA
NOR,2007,0.8059,2,NA,NA
NOR,2008,0.8239,1,NA,NA
NOR,2009,0.8227,3,NA,NA
NOR,2010,0.8404,2,Norway,25.7
NOR,2011,0.8404,2,Norway,25.3
NOR,2012,0.8403,3,Norway,25.7
NOR,2013,0.8417,3,Norway,26.4
NOR,2014,0.8374,3,Norway,26.8
NOR,2015,0.85,2,Norway,27.5
NOR,2016,0.842,3,Norway,28.5
NOR,2018,0.835,2,NA,NA
NPL,2006,0.5477,111,NA,NA
NPL,2007,0.5575,125,NA,NA
NPL,2008,0.5942,120,NA,NA
NPL,2009,0.6213,110,NA,NA
NPL,2010,0.6084,115,Nepal,32.8
NPL,2011,0.5888,126,NA,NA
NPL,2012,0.6026,123,NA,NA
NPL,2013,0.6053,121,NA,NA
NPL,2014,0.6458,112,NA,NA
NPL,2015,0.658,110,NA,NA
NPL,2016,0.661,110,NA,NA
NPL,2018,0.671,105,NA,NA
NZL,2006,0.7509,7,NA,NA
NZL,2007,0.7649,5,NA,NA
NZL,2008,0.7859,5,NA,NA
NZL,2009,0.788,5,NA,NA
NZL,2010,0.7808,5,NA,NA
NZL,2011,0.781,6,NA,NA
NZL,2012,0.7805,6,NA,NA
NZL,2013,0.7799,7,NA,NA
NZL,2014,0.7772,13,NA,NA
NZL,2015,0.782,10,NA,NA
NZL,2016,0.781,9,NA,NA
NZL,2018,0.801,7,NA,NA
OMN,2007,0.5903,119,NA,NA
OMN,2008,0.596,118,NA,NA
OMN,2009,0.5938,123,NA,NA
OMN,2010,0.595,122,NA,NA
OMN,2011,0.5873,127,NA,NA
OMN,2012,0.5986,125,NA,NA
OMN,2013,0.6053,122,NA,NA
OMN,2014,0.6091,128,NA,NA
OMN,2015,0.604,135,NA,NA
OMN,2016,0.612,133,NA,NA
OMN,2018,0.605,139,NA,NA
PAK,2006,0.5433,112,NA,NA
PAK,2007,0.5509,126,NA,NA
PAK,2008,0.5549,127,NA,NA
PAK,2009,0.5458,132,NA,NA
PAK,2010,0.5465,132,Pakistan,29.8
PAK,2011,0.5583,133,Pakistan,30.9
PAK,2012,0.5478,134,NA,NA
PAK,2013,0.5459,135,Pakistan,30.7
PAK,2014,0.5522,141,NA,NA
PAK,2015,0.559,144,Pakistan,33.5
PAK,2016,0.556,143,NA,NA
PAK,2018,0.55,148,NA,NA
PAN,2006,0.6935,31,NA,NA
PAN,2007,0.6954,38,NA,NA
PAN,2008,0.7095,34,NA,NA
PAN,2009,0.7024,43,NA,NA
PAN,2010,0.7072,39,Panama,51.6
PAN,2011,0.7042,40,Panama,51.3
PAN,2012,0.7122,40,Panama,51.7
PAN,2013,0.7164,37,Panama,51.5
PAN,2014,0.7195,46,Panama,50.5
PAN,2015,0.722,44,Panama,50.8
PAN,2016,0.721,47,Panama,50.4
PAN,2018,0.722,45,Panama,49.2
PER,2006,0.6619,60,NA,NA
PER,2007,0.6624,75,NA,NA
PER,2008,0.6959,48,NA,NA
PER,2009,0.7024,44,NA,NA
PER,2010,0.6895,60,Peru,45.5
PER,2011,0.6796,73,Peru,44.7
PER,2012,0.6742,78,Peru,44.4
PER,2013,0.6787,80,Peru,43.9
PER,2014,0.7198,45,Peru,43.2
PER,2015,0.683,89,Peru,43.4
PER,2016,0.687,80,Peru,43.6
PER,2018,0.72,52,Peru,42.8
PHL,2006,0.7516,6,NA,NA
PHL,2007,0.7629,6,NA,NA
PHL,2008,0.7568,6,NA,NA
PHL,2009,0.7579,9,NA,NA
PHL,2010,0.7654,9,NA,NA
PHL,2011,0.7685,8,NA,NA
PHL,2012,0.7757,8,Philippines,46.5
PHL,2013,0.7832,5,NA,NA
PHL,2014,0.7814,9,NA,NA
PHL,2015,0.79,7,Philippines,44.4
PHL,2016,0.786,7,NA,NA
PHL,2018,0.799,8,NA,NA
POL,2006,0.6802,44,NA,NA
POL,2007,0.6756,60,NA,NA
POL,2008,0.6951,49,NA,NA
POL,2009,0.6998,50,NA,NA
POL,2010,0.7037,43,Poland,33.2
POL,2011,0.7038,42,Poland,33.2
POL,2012,0.7015,53,Poland,33
POL,2013,0.7031,54,Poland,33.1
POL,2014,0.7051,57,Poland,32.8
POL,2015,0.715,51,Poland,31.8
POL,2016,0.727,38,Poland,31.2
POL,2018,0.728,42,NA,NA
PRT,2006,0.6922,33,NA,NA
PRT,2007,0.6959,37,NA,NA
PRT,2008,0.7051,39,NA,NA
PRT,2009,0.7013,46,NA,NA
PRT,2010,0.7171,32,Portugal,35.8
PRT,2011,0.7144,35,Portugal,36.3
PRT,2012,0.7071,47,Portugal,36
PRT,2013,0.7056,51,Portugal,36.2
PRT,2014,0.7243,39,Portugal,35.6
PRT,2015,0.731,39,Portugal,35.5
PRT,2016,0.737,31,Portugal,35.2
PRT,2018,0.732,37,NA,NA
PRY,2006,0.6556,64,NA,NA
PRY,2007,0.6659,69,NA,NA
PRY,2008,0.6379,100,NA,NA
PRY,2009,0.6868,66,NA,NA
PRY,2010,0.6804,69,Paraguay,51
PRY,2011,0.6818,67,Paraguay,52.3
PRY,2012,0.6714,83,Paraguay,47.6
PRY,2013,0.6724,89,Paraguay,47.9
PRY,2014,0.689,81,Paraguay,50.7
PRY,2015,0.666,107,Paraguay,47.6
PRY,2016,0.676,96,Paraguay,47.9
PRY,2018,0.672,104,Paraguay,46.2
QAT,2007,0.6041,109,NA,NA
QAT,2008,0.5948,119,NA,NA
QAT,2009,0.5907,125,NA,NA
QAT,2010,0.6059,117,NA,NA
QAT,2011,0.623,111,NA,NA
QAT,2012,0.6264,115,NA,NA
QAT,2013,0.6299,115,NA,NA
QAT,2014,0.6403,116,NA,NA
QAT,2015,0.645,122,NA,NA
QAT,2016,0.643,119,NA,NA
QAT,2018,0.629,127,NA,NA
ROU,2006,0.6797,46,NA,NA
ROU,2007,0.6859,47,NA,NA
ROU,2008,0.6763,70,NA,NA
ROU,2009,0.6805,70,NA,NA
ROU,2010,0.6826,67,Romania,35.5
ROU,2011,0.6812,68,Romania,35.9
ROU,2012,0.6859,67,Romania,36.5
ROU,2013,0.6908,70,Romania,36.9
ROU,2014,0.6936,72,Romania,36
ROU,2015,0.693,77,Romania,35.9
ROU,2016,0.69,76,Romania,34.4
ROU,2018,0.711,63,NA,NA
RUS,2006,0.677,49,NA,NA
RUS,2007,0.6866,45,NA,NA
RUS,2008,0.6994,42,NA,NA
RUS,2009,0.6987,51,NA,NA
RUS,2010,0.7036,45,Russian Federation,39.5
RUS,2011,0.7037,43,Russian Federation,39.7
RUS,2012,0.698,59,Russian Federation,40.7
RUS,2013,0.6983,61,Russian Federation,40.9
RUS,2014,0.6927,75,Russian Federation,39.9
RUS,2015,0.694,75,Russian Federation,37.7
RUS,2016,0.691,75,Russian Federation,36.8
RUS,2018,0.701,75,Russian Federation,37.5
RWA,2014,0.7854,7,NA,NA
RWA,2015,0.794,6,NA,NA
RWA,2016,0.8,5,Rwanda,43.7
RWA,2018,0.804,6,NA,NA
SAU,2006,0.5241,114,NA,NA
SAU,2007,0.5647,124,NA,NA
SAU,2008,0.5537,128,NA,NA
SAU,2009,0.5651,130,NA,NA
SAU,2010,0.5713,129,NA,NA
SAU,2011,0.5753,131,NA,NA
SAU,2012,0.5731,131,NA,NA
SAU,2013,0.5879,127,NA,NA
SAU,2014,0.6059,130,NA,NA
SAU,2015,0.605,134,NA,NA
SAU,2016,0.583,141,NA,NA
SAU,2018,0.59,141,NA,NA
SEN,2009,0.6427,102,NA,NA
SEN,2010,0.6414,101,NA,NA
SEN,2011,0.6573,92,Senegal,40.3
SEN,2012,0.6657,90,NA,NA
SEN,2013,0.6923,67,NA,NA
SEN,2014,0.6912,77,NA,NA
SEN,2015,0.698,72,NA,NA
SEN,2016,0.685,82,NA,NA
SEN,2018,0.682,94,NA,NA
SGP,2006,0.655,65,NA,NA
SGP,2007,0.6609,77,NA,NA
SGP,2008,0.6625,84,NA,NA
SGP,2009,0.6664,84,NA,NA
SGP,2010,0.6914,56,NA,NA
SGP,2011,0.6914,57,NA,NA
SGP,2012,0.6989,55,NA,NA
SGP,2013,0.7,58,NA,NA
SGP,2014,0.7046,59,NA,NA
SGP,2015,0.711,54,NA,NA
SGP,2016,0.712,55,NA,NA
SGP,2018,0.707,67,NA,NA
SLE,2018,0.661,114,Sierra Leone,35.7
SLV,2006,0.6836,39,NA,NA
SLV,2007,0.6853,48,NA,NA
SLV,2008,0.6875,58,NA,NA
SLV,2009,0.6939,55,NA,NA
SLV,2010,0.6596,90,El Salvador,43.5
SLV,2011,0.6567,94,El Salvador,42.3
SLV,2012,0.663,94,El Salvador,41.8
SLV,2013,0.6609,96,El Salvador,43.4
SLV,2014,0.6863,84,El Salvador,41.6
SLV,2015,0.706,62,El Salvador,40.6
SLV,2016,0.702,64,El Salvador,40
SLV,2018,0.69,87,El Salvador,38.6
SRB,2012,0.7037,50,Serbia,39.9
SRB,2013,0.7116,42,Serbia,39.5
SRB,2014,0.7086,54,Serbia,40.5
SRB,2015,0.72,45,Serbia,40.5
SRB,2016,0.72,48,Serbia,38.8
SRB,2018,0.73,38,NA,NA
SUR,2007,0.6794,56,NA,NA
SUR,2008,0.6674,79,NA,NA
SUR,2009,0.6726,78,NA,NA
SUR,2010,0.6407,102,NA,NA
SUR,2011,0.6395,104,NA,NA
SUR,2012,0.6409,106,NA,NA
SUR,2013,0.6369,110,NA,NA
SUR,2014,0.6504,109,NA,NA
SUR,2015,0.678,94,NA,NA
SUR,2016,0.679,95,NA,NA
SUR,2018,0.695,79,NA,NA
SVK,2006,0.6757,50,NA,NA
SVK,2007,0.6797,54,NA,NA
SVK,2008,0.6824,64,NA,NA
SVK,2009,0.6845,68,NA,NA
SVK,2010,0.6778,71,Slovak Republic,27.3
SVK,2011,0.6797,72,Slovak Republic,26.5
SVK,2012,0.6824,70,Slovak Republic,26.1
SVK,2013,0.6857,74,Slovak Republic,28.1
SVK,2014,0.6806,90,Slovak Republic,26.1
SVK,2015,0.675,97,Slovak Republic,26.5
SVK,2016,0.679,94,Slovak Republic,25.2
SVK,2018,0.693,83,NA,NA
SVN,2006,0.6745,51,NA,NA
SVN,2007,0.6842,49,NA,NA
SVN,2008,0.6937,51,NA,NA
SVN,2009,0.6982,52,NA,NA
SVN,2010,0.7047,42,Slovenia,24.9
SVN,2011,0.7041,41,Slovenia,24.9
SVN,2012,0.7132,38,Slovenia,25.6
SVN,2013,0.7155,38,Slovenia,26.2
SVN,2014,0.7443,23,Slovenia,25.7
SVN,2015,0.784,9,Slovenia,25.4
SVN,2016,0.786,8,Slovenia,24.8
SVN,2018,0.784,11,NA,NA
SWE,2006,0.8133,1,NA,NA
SWE,2007,0.8146,1,NA,NA
SWE,2008,0.8139,3,NA,NA
SWE,2009,0.8139,4,NA,NA
SWE,2010,0.8024,4,Sweden,27.7
SWE,2011,0.8044,4,Sweden,27.6
SWE,2012,0.8159,4,Sweden,27.6
SWE,2013,0.8129,4,Sweden,28.8
SWE,2014,0.8165,4,Sweden,28.4
SWE,2015,0.823,4,Sweden,29.2
SWE,2016,0.815,4,Sweden,29.6
SWE,2018,0.822,3,NA,NA
SWZ,2014,0.6772,92,NA,NA
SWZ,2015,0.67,102,NA,NA
SWZ,2016,0.665,107,Eswatini,54.6
SYR,2007,0.6216,103,NA,NA
SYR,2008,0.6181,107,NA,NA
SYR,2009,0.6072,121,NA,NA
SYR,2010,0.5926,124,NA,NA
SYR,2011,0.5896,124,NA,NA
SYR,2012,0.5626,132,NA,NA
SYR,2013,0.5661,133,NA,NA
SYR,2014,0.5775,139,NA,NA
SYR,2015,0.568,143,NA,NA
SYR,2016,0.567,142,NA,NA
SYR,2018,0.568,146,NA,NA
TCD,2006,0.5246,113,NA,NA
TCD,2007,0.5381,127,NA,NA
TCD,2008,0.529,129,NA,NA
TCD,2009,0.5417,133,NA,NA
TCD,2010,0.533,133,NA,NA
TCD,2011,0.5334,134,Chad,43.3
TCD,2012,0.5594,133,NA,NA
TCD,2013,0.5588,134,NA,NA
TCD,2014,0.5764,140,NA,NA
TCD,2015,0.58,142,NA,NA
TCD,2016,0.587,140,NA,NA
TCD,2018,0.58,145,NA,NA
TGO,2018,0.618,134,NA,NA
THA,2006,0.6832,40,NA,NA
THA,2007,0.6815,52,NA,NA
THA,2008,0.6917,52,NA,NA
THA,2009,0.6907,59,NA,NA
THA,2010,0.691,57,Thailand,39.4
THA,2011,0.6892,60,Thailand,37.5
THA,2012,0.6893,65,Thailand,39.3
THA,2013,0.6928,65,Thailand,37.8
THA,2014,0.7027,61,Thailand,37
THA,2015,0.706,60,Thailand,36
THA,2016,0.699,71,Thailand,36.9
THA,2018,0.702,73,Thailand,36.4
TJK,2007,0.6578,79,NA,NA
TJK,2008,0.6541,89,NA,NA
TJK,2009,0.6661,86,NA,NA
TJK,2010,0.6598,89,NA,NA
TJK,2011,0.6526,96,NA,NA
TJK,2012,0.6608,96,NA,NA
TJK,2013,0.6682,90,NA,NA
TJK,2014,0.6654,102,NA,NA
TJK,2015,0.675,95,Tajikistan,34
TJK,2016,0.679,93,NA,NA
TJK,2018,0.638,123,NA,NA
TLS,2012,0.6855,68,NA,NA
TLS,2016,0.637,125,NA,NA
TLS,2018,0.638,124,NA,NA
TTO,2006,0.6797,45,NA,NA
TTO,2007,0.6859,46,NA,NA
TTO,2008,0.7245,19,NA,NA
TTO,2009,0.7298,19,NA,NA
TTO,2010,0.7353,21,NA,NA
TTO,2011,0.7372,21,NA,NA
TTO,2012,0.7116,43,NA,NA
TTO,2013,0.7166,36,NA,NA
TTO,2014,0.7154,49,NA,NA
TTO,2015,0.72,46,NA,NA
TTO,2016,0.723,44,NA,NA
TUN,2006,0.6288,90,NA,NA
TUN,2007,0.6283,102,NA,NA
TUN,2008,0.6295,103,NA,NA
TUN,2009,0.6233,109,NA,NA
TUN,2010,0.6266,107,Tunisia,35.8
TUN,2011,0.6255,108,NA,NA
TUN,2014,0.6272,123,NA,NA
TUN,2015,0.634,127,Tunisia,32.8
TUN,2016,0.636,126,NA,NA
TUN,2018,0.648,119,NA,NA
TUR,2006,0.585,105,NA,NA
TUR,2007,0.5768,121,NA,NA
TUR,2008,0.5853,123,NA,NA
TUR,2009,0.5828,129,NA,NA
TUR,2010,0.5876,126,Turkey,38.8
TUR,2011,0.5954,122,Turkey,40
TUR,2012,0.6015,124,Turkey,40.2
TUR,2013,0.6081,120,Turkey,40.2
TUR,2014,0.6183,125,Turkey,41.2
TUR,2015,0.624,130,Turkey,42.9
TUR,2016,0.623,130,Turkey,41.9
TUR,2018,0.628,130,Turkey,41.9
TZA,2006,0.7038,24,NA,NA
TZA,2007,0.6969,34,NA,NA
TZA,2008,0.7068,38,NA,NA
TZA,2009,0.6797,73,NA,NA
TZA,2010,0.6829,66,NA,NA
TZA,2011,0.6904,59,Tanzania,37.8
TZA,2012,0.7091,46,NA,NA
TZA,2013,0.6928,66,NA,NA
TZA,2014,0.7182,47,NA,NA
TZA,2015,0.718,49,NA,NA
TZA,2016,0.716,53,NA,NA
TZA,2018,0.704,71,NA,NA
UGA,2006,0.6797,47,NA,NA
UGA,2007,0.6833,50,NA,NA
UGA,2008,0.6981,43,NA,NA
UGA,2009,0.7067,40,NA,NA
UGA,2010,0.7169,33,NA,NA
UGA,2011,0.722,29,NA,NA
UGA,2012,0.7228,28,Uganda,41
UGA,2013,0.7086,46,NA,NA
UGA,2014,0.6821,88,NA,NA
UGA,2015,0.708,58,NA,NA
UGA,2016,0.704,61,Uganda,42.8
UGA,2018,0.724,43,NA,NA
UKR,2006,0.6797,48,NA,NA
UKR,2007,0.679,57,NA,NA
UKR,2008,0.6856,62,NA,NA
UKR,2009,0.6896,61,NA,NA
UKR,2010,0.6869,63,Ukraine,24.8
UKR,2011,0.6861,64,Ukraine,24.6
UKR,2012,0.6894,64,Ukraine,24.7
UKR,2013,0.6935,64,Ukraine,24.6
UKR,2014,0.7056,56,Ukraine,24
UKR,2015,0.702,67,Ukraine,25.5
UKR,2016,0.7,69,Ukraine,25
UKR,2018,0.708,65,Ukraine,26.1
URY,2006,0.655,66,NA,NA
URY,2007,0.6608,78,NA,NA
URY,2008,0.6907,54,NA,NA
URY,2009,0.6936,57,NA,NA
URY,2010,0.6897,59,Uruguay,44.5
URY,2011,0.6907,58,Uruguay,42.1
URY,2012,0.6745,76,Uruguay,39.9
URY,2013,0.6803,77,Uruguay,40.4
URY,2014,0.6871,82,Uruguay,40.1
URY,2015,0.679,93,Uruguay,40.1
URY,2016,0.681,91,Uruguay,39.7
URY,2018,0.715,56,Uruguay,39.7
USA,2006,0.7042,23,NA,NA
USA,2007,0.7002,31,NA,NA
USA,2008,0.7179,27,NA,NA
USA,2009,0.7173,31,NA,NA
USA,2010,0.7411,19,United States,40
USA,2011,0.7412,17,NA,NA
USA,2012,0.7373,22,NA,NA
USA,2013,0.7392,23,United States,40.7
USA,2014,0.7463,20,NA,NA
USA,2015,0.74,28,NA,NA
USA,2016,0.722,45,United States,41.1
USA,2018,0.72,51,NA,NA
UZB,2006,0.6886,36,NA,NA
UZB,2007,0.6921,41,NA,NA
UZB,2008,0.6906,55,NA,NA
UZB,2009,0.6913,58,NA,NA
VEN,2006,0.6664,57,NA,NA
VEN,2007,0.6797,55,NA,NA
VEN,2008,0.6875,59,NA,NA
VEN,2009,0.6839,69,NA,NA
VEN,2010,0.6863,64,NA,NA
VEN,2011,0.6861,63,NA,NA
VEN,2012,0.706,48,NA,NA
VEN,2013,0.706,50,NA,NA
VEN,2014,0.6851,86,NA,NA
VEN,2015,0.691,78,NA,NA
VEN,2016,0.694,74,NA,NA
VEN,2018,0.709,64,NA,NA
VNM,2007,0.6889,42,NA,NA
VNM,2008,0.6778,68,NA,NA
VNM,2009,0.6802,71,NA,NA
VNM,2010,0.6776,72,Vietnam,39.3
VNM,2011,0.6732,79,NA,NA
VNM,2012,0.6867,66,Vietnam,35.6
VNM,2013,0.6863,73,NA,NA
VNM,2014,0.6915,76,Vietnam,34.8
VNM,2015,0.687,83,NA,NA
VNM,2016,0.7,65,Vietnam,35.3
VNM,2018,0.698,77,Vietnam,35.7
YEM,2006,0.4594,115,NA,NA
YEM,2007,0.451,128,NA,NA
YEM,2008,0.4664,130,NA,NA
YEM,2009,0.4609,134,NA,NA
YEM,2010,0.4603,134,NA,NA
YEM,2011,0.4873,135,NA,NA
YEM,2012,0.5054,135,NA,NA
YEM,2013,0.5128,136,NA,NA
YEM,2014,0.5145,142,"Yemen, Rep.",36.7
YEM,2015,0.484,145,NA,NA
YEM,2016,0.516,144,NA,NA
YEM,2018,0.499,149,NA,NA
ZAF,2006,0.7125,18,NA,NA
ZAF,2007,0.7194,20,NA,NA
ZAF,2008,0.7232,22,NA,NA
ZAF,2009,0.7709,6,NA,NA
ZAF,2010,0.7535,12,South Africa,63.4
ZAF,2011,0.7478,14,NA,NA
ZAF,2012,0.7496,16,NA,NA
ZAF,2013,0.751,17,NA,NA
ZAF,2014,0.7527,18,South Africa,63
ZAF,2015,0.759,17,NA,NA
ZAF,2016,0.764,15,NA,NA
ZAF,2018,0.755,19,NA,NA
ZMB,2006,0.6358,85,NA,NA
ZMB,2007,0.6288,101,NA,NA
ZMB,2008,0.6205,106,NA,NA
ZMB,2009,0.631,107,NA,NA
ZMB,2010,0.6293,106,Zambia,55.6
ZMB,2011,0.63,106,NA,NA
ZMB,2012,0.6279,114,NA,NA
ZMB,2013,0.6312,113,NA,NA
ZMB,2014,0.6364,119,NA,NA
ZMB,2015,0.65,116,Zambia,57.1
ZWE,2006,0.646,76,NA,NA
ZWE,2007,0.6464,88,NA,NA
ZWE,2008,0.6485,92,NA,NA
ZWE,2009,0.6518,95,NA,NA
ZWE,2010,0.6574,92,NA,NA
ZWE,2011,0.6607,88,Zimbabwe,43.2
ZWE,2014,0.7013,63,NA,NA
ZWE,2015,0.709,57,NA,NA
ZWE,2016,0.71,56,NA,NA
ZWE,2018,0.721,47,NA,NA
